0,25.97,35.00,9.03,100.00,40.00
1,25.97,35.00,9.03,100.00,40.00
2,25.97,35.00,9.03,100.00,40.00
3,25.98,35.00,9.02,100.00,40.00
4,25.98,35.00,9.02,100.00,40.00
5,25.99,35.00,9.01,100.00,40.00
6,26.01,35.00,8.99,100.00,40.00
7,26.02,35.00,8.98,100.00,40.00
8,26.04,35.00,8.96,100.00,40.00
9,26.05,35.00,8.95,100.00,40.00
10,26.08,35.00,8.92,100.00,40.00
11,26.10,35.00,8.90,100.00,40.00
12,26.12,35.00,8.88,100.00,40.00
13,26.12,35.00,8.88,100.00,40.00
14,26.13,35.00,8.87,100.00,40.00
15,26.15,35.00,8.85,100.00,40.00
16,26.16,35.00,8.84,100.00,40.00
17,26.18,35.00,8.82,100.00,40.00
18,26.21,35.00,8.79,100.00,40.00
19,26.24,35.00,8.76,100.00,40.00
20,26.27,35.00,8.73,100.00,40.00
21,26.30,35.00,8.70,100.00,40.00
22,26.34,35.00,8.66,100.00,40.00
23,26.37,35.00,8.63,100.00,40.00
24,26.40,35.00,8.60,100.00,40.00
25,26.42,35.00,8.58,100.00,40.00
26,26.45,35.00,8.55,100.00,40.00
27,26.48,35.00,8.52,100.00,40.00
28,26.51,35.00,8.49,100.00,40.00
29,26.55,35.00,8.45,100.00,40.00
30,26.59,35.00,8.41,100.00,40.00
31,26.62,35.00,8.38,100.00,40.00
32,26.65,35.00,8.35,100.00,40.00
33,26.69,35.00,8.31,100.00,40.00
34,26.71,35.00,8.29,100.00,40.00
35,26.75,35.00,8.25,100.00,40.00
36,26.78,35.00,8.22,100.00,40.00
37,26.82,35.00,8.18,100.00,40.00
38,26.84,35.00,8.16,100.00,40.00
39,26.87,35.00,8.13,100.00,40.00
40,26.91,35.00,8.09,100.00,40.00
41,26.95,35.00,8.05,100.00,40.00
42,26.98,35.00,8.02,100.00,40.00
43,27.00,35.00,8.00,100.00,40.00
44,27.05,35.00,7.95,100.00,40.00
45,27.08,35.00,7.92,100.00,40.00
46,27.12,35.00,7.88,100.00,40.00
47,27.15,35.00,7.85,100.00,40.00
48,27.18,35.00,7.82,100.00,40.00
49,27.23,35.00,7.77,100.00,40.00
50,27.24,35.00,7.76,100.00,40.00
51,27.30,35.00,7.70,100.00,40.00
52,27.34,35.00,7.66,100.00,40.00
53,27.36,35.00,7.64,100.00,40.00
54,27.38,35.00,7.62,100.00,40.00
55,27.44,35.00,7.56,100.00,40.00
56,27.49,35.00,7.51,100.00,40.00
57,27.50,35.00,7.50,100.00,40.00
58,27.56,35.00,7.44,100.00,40.00
59,27.60,35.00,7.40,100.00,40.00
60,27.63,35.00,7.37,100.00,40.00
61,27.69,35.00,7.31,100.00,40.00
62,27.71,35.00,7.29,100.00,40.00
63,27.75,35.00,7.25,100.00,40.00
64,27.78,35.00,7.22,100.00,40.00
65,27.80,35.00,7.20,100.00,40.00
66,27.83,35.00,7.17,100.00,40.00
67,27.90,35.00,7.10,100.00,40.00
68,27.93,35.00,7.07,100.00,40.00
69,27.96,35.00,7.04,100.00,40.00
70,27.99,35.00,7.01,100.00,40.00
71,28.06,35.00,6.94,100.00,40.00
72,28.11,35.00,6.89,100.00,40.00
73,28.15,35.00,6.85,100.00,40.00
74,28.12,35.00,6.88,100.00,40.00
75,28.17,35.00,6.83,100.00,40.00
76,28.23,35.00,6.77,100.00,40.00
77,28.26,35.00,6.74,100.00,40.00
78,28.32,35.00,6.68,100.00,40.00
79,28.38,35.00,6.62,100.00,40.00
80,28.41,35.00,6.59,100.00,40.00
81,28.45,35.00,6.55,100.00,40.00
82,28.52,35.00,6.48,100.00,40.00
83,28.53,35.00,6.47,100.00,40.00
84,28.59,35.00,6.41,100.00,40.00
85,28.62,35.00,6.38,100.00,40.00
86,28.64,35.00,6.36,100.00,40.00
87,28.70,35.00,6.30,100.00,40.00
88,28.74,35.00,6.26,100.00,40.00
89,28.78,35.00,6.22,100.00,40.00
90,28.84,35.00,6.16,100.00,40.00
91,28.88,35.00,6.12,100.00,40.00
92,28.94,35.00,6.06,100.00,40.00
93,28.97,35.00,6.03,100.00,40.00
94,28.98,35.00,6.02,100.00,40.00
95,29.03,35.00,5.97,100.00,40.00
96,29.05,35.00,5.95,100.00,40.00
97,29.12,35.00,5.88,100.00,40.00
98,29.19,35.00,5.81,100.00,40.00
99,29.24,35.00,5.76,100.00,40.00
100,29.30,35.00,5.70,100.00,40.00
101,29.32,35.00,5.68,100.00,40.00
102,29.35,35.00,5.65,100.00,40.00
103,29.38,35.00,5.62,100.00,40.00
104,29.46,35.00,5.54,100.00,40.00
105,29.47,35.00,5.53,100.00,40.00
106,29.51,35.00,5.49,100.00,40.00
107,29.57,35.00,5.43,100.00,40.00
108,29.61,35.00,5.39,100.00,40.00
109,29.63,35.00,5.37,100.00,40.00
110,29.64,35.00,5.36,100.00,40.00
111,29.72,35.00,5.28,100.00,40.00
112,29.73,35.00,5.27,100.00,40.00
113,29.78,35.00,5.22,100.00,40.00
114,29.83,35.00,5.17,100.00,40.00
115,29.88,35.00,5.12,100.00,40.00
116,29.93,35.00,5.07,100.00,40.00
117,29.92,35.00,5.08,100.00,40.00
118,29.92,35.00,5.08,100.00,40.00
119,29.93,35.00,5.07,100.00,40.00
120,30.00,35.00,5.00,100.00,40.00
121,30.05,35.00,4.95,100.00,40.00
122,30.09,35.00,4.91,100.00,40.00
123,30.14,35.00,4.86,100.00,40.00
124,30.17,35.00,4.83,100.00,40.00
125,30.20,35.00,4.80,100.00,40.00
126,30.20,35.00,4.80,100.00,40.00
127,30.27,35.00,4.73,100.00,40.00
128,30.33,35.00,4.67,100.00,40.00
129,30.38,35.00,4.62,100.00,40.00
130,30.38,35.00,4.62,100.00,40.00
131,30.45,35.00,4.55,100.00,40.00
132,30.48,35.00,4.52,100.00,40.00
133,30.52,35.00,4.48,100.00,40.00
134,30.59,35.00,4.41,100.00,40.00
135,30.62,35.00,4.38,100.00,40.00
136,30.66,35.00,4.34,100.00,40.00
137,30.68,35.00,4.32,100.00,40.00
138,30.73,35.00,4.27,100.00,40.00
139,30.73,35.00,4.27,100.00,40.00
140,30.79,35.00,4.21,100.00,40.00
141,30.84,35.00,4.16,100.00,40.00
142,30.87,35.00,4.13,100.00,40.00
143,30.94,35.00,4.06,100.00,40.00
144,31.01,35.00,3.99,100.00,40.00
145,31.05,35.00,3.95,100.00,40.00
146,31.05,35.00,3.95,100.00,40.00
147,31.09,35.00,3.91,100.00,40.00
148,31.11,35.00,3.89,100.00,40.00
149,31.07,35.00,3.93,100.00,40.00
150,31.09,35.00,3.91,100.00,40.00
151,31.15,35.00,3.85,100.00,40.00
152,31.19,35.00,3.81,100.00,40.00
153,31.27,35.00,3.73,100.00,40.00
154,31.29,35.00,3.71,100.00,40.00
155,31.34,35.00,3.66,100.00,40.00
156,31.40,35.00,3.60,100.00,40.00
157,31.48,35.00,3.52,100.00,40.00
158,31.50,35.00,3.50,100.00,40.00
159,31.55,35.00,3.45,100.00,40.00
160,31.58,35.00,3.42,100.00,40.00
161,31.65,35.00,3.35,100.00,40.00
162,31.70,35.00,3.30,100.00,40.00
163,31.71,35.00,3.29,100.00,40.00
164,31.73,35.00,3.27,100.00,40.00
165,31.72,35.00,3.28,100.00,40.00
166,31.81,35.00,3.19,100.00,40.00
167,31.88,35.00,3.12,100.00,40.00
168,31.91,35.00,3.09,100.00,40.00
169,31.96,35.00,3.04,100.00,40.00
170,31.97,35.00,3.03,100.00,40.00
171,32.02,35.00,2.98,100.00,40.00
172,32.07,35.00,2.93,100.00,40.00
173,32.11,35.00,2.89,100.00,40.00
174,32.05,35.00,2.95,100.00,40.00
175,32.16,35.00,2.84,100.00,40.00
176,32.20,35.00,2.80,100.00,40.00
177,32.14,35.00,2.86,100.00,40.00
178,32.16,35.00,2.84,100.00,40.00
179,32.18,35.00,2.82,100.00,40.00
180,32.24,35.00,2.76,100.00,40.00
181,32.31,35.00,2.69,100.00,40.00
182,32.32,35.00,2.68,100.00,40.00
183,32.33,35.00,2.67,100.00,40.00
184,32.32,35.00,2.68,100.00,40.00
185,32.41,35.00,2.59,100.00,40.00
186,32.45,35.00,2.55,100.00,40.00
187,32.48,35.00,2.52,100.00,40.00
188,32.41,35.00,2.59,100.00,40.00
189,32.42,35.00,2.58,100.00,40.00
190,32.49,35.00,2.51,100.00,40.00
191,32.55,35.00,2.45,97.81,40.00
192,32.58,35.00,2.42,96.88,40.00
193,32.59,35.00,2.41,96.25,40.00
194,32.66,35.00,2.34,93.75,40.00
195,32.66,35.00,2.34,93.75,40.00
196,32.74,35.00,2.26,90.31,40.00
197,32.79,35.00,2.21,88.44,40.00
198,32.81,35.00,2.19,87.50,40.00
199,32.82,35.00,2.18,87.19,40.00
200,32.86,35.00,2.14,85.62,40.00
201,32.92,35.00,2.08,83.12,40.00
202,32.96,35.00,2.04,81.56,40.00
203,32.97,35.00,2.03,81.25,40.00
204,32.98,35.00,2.02,80.94,40.00
205,33.02,35.00,1.98,79.06,40.00
206,33.05,35.00,1.95,78.12,40.00
207,33.07,35.00,1.93,77.19,40.00
208,33.12,35.00,1.88,75.31,40.00
209,33.16,35.00,1.84,73.44,40.00
210,33.20,35.00,1.80,72.19,40.00
211,33.15,35.00,1.85,74.06,40.00
212,33.19,35.00,1.81,72.50,40.00
213,33.20,35.00,1.80,72.19,40.00
214,33.23,35.00,1.77,70.94,40.00
215,33.30,35.00,1.70,68.12,40.00
216,33.30,35.00,1.70,67.81,40.00
217,33.32,35.00,1.68,67.19,40.00
218,33.35,35.00,1.65,65.94,40.00
219,33.41,35.00,1.59,63.75,40.00
220,33.43,35.00,1.57,62.81,40.00
221,33.45,35.00,1.55,61.88,40.00
222,33.52,35.00,1.48,59.06,40.00
223,33.53,35.00,1.47,58.75,40.00
224,33.56,35.00,1.44,57.50,40.00
225,33.58,35.00,1.42,56.88,40.00
226,33.60,35.00,1.40,55.94,40.00
227,33.62,35.00,1.38,55.00,40.00
228,33.65,35.00,1.35,54.06,40.00
229,33.66,35.00,1.34,53.75,40.00
230,33.66,35.00,1.34,53.75,40.00
231,33.67,35.00,1.33,53.12,40.00
232,33.67,35.00,1.33,53.12,40.00
233,33.71,35.00,1.29,51.56,40.00
234,33.72,35.00,1.28,51.25,40.00
235,33.73,35.00,1.27,50.94,40.00
236,33.74,35.00,1.26,50.31,40.00
237,33.79,35.00,1.21,48.44,40.00
238,33.80,35.00,1.20,48.12,40.00
239,33.82,35.00,1.18,47.19,40.00
240,33.88,35.00,1.12,45.00,40.00
241,33.89,35.00,1.11,44.38,40.00
242,33.91,35.00,1.09,43.75,40.00
243,33.93,35.00,1.07,42.81,40.00
244,33.93,35.00,1.07,42.81,40.00
245,33.95,35.00,1.05,42.19,40.00
246,33.93,35.00,1.07,42.81,40.00
247,33.93,35.00,1.07,42.81,40.00
248,33.88,35.00,1.12,44.69,40.00
249,33.91,35.00,1.09,43.75,40.00
251,33.92,35.00,1.08,43.12,40.00
252,33.91,35.00,1.09,43.44,40.00
253,33.93,35.00,1.07,42.81,40.00
254,33.96,35.00,1.04,41.56,40.00
255,33.92,35.00,1.08,43.12,40.00
256,33.94,35.00,1.06,42.50,40.00
257,33.97,35.00,1.03,41.25,40.00
258,33.94,35.00,1.06,42.50,40.00
259,33.94,35.00,1.06,42.50,40.00
260,33.90,35.00,1.10,44.06,40.00
261,33.94,35.00,1.06,42.50,40.00
262,33.93,35.00,1.07,42.81,40.00
263,33.87,35.00,1.13,45.31,40.00
264,33.91,35.00,1.09,43.44,40.00
265,33.92,35.00,1.08,43.12,40.00
266,33.93,35.00,1.07,42.81,40.00
267,33.97,35.00,1.03,41.25,40.00
268,33.95,35.00,1.05,41.88,40.00
269,33.96,35.00,1.04,41.56,40.00
270,33.98,35.00,1.02,40.62,40.00
271,33.96,35.00,1.04,41.56,40.00
272,33.95,35.00,1.05,41.88,40.00
273,33.98,35.00,1.02,40.94,40.00
274,33.98,35.00,1.02,40.62,40.00
275,33.98,35.00,1.02,40.62,40.00
276,33.99,35.00,1.01,40.31,40.00
277,33.97,35.00,1.03,41.25,40.00
278,33.98,35.00,1.02,40.62,40.00
279,34.02,35.00,0.98,39.38,40.00
280,34.01,35.00,0.99,39.69,40.00
281,33.98,35.00,1.02,40.62,40.00
282,34.02,35.00,0.98,39.06,40.00
283,34.00,35.00,1.00,40.00,40.00
284,34.02,35.00,0.98,39.06,40.00
285,34.02,35.00,0.98,39.06,40.00
286,34.02,35.00,0.98,39.38,40.00
287,34.00,35.00,1.00,40.00,40.00
288,34.01,35.00,0.99,39.69,40.00
289,34.02,35.00,0.98,39.38,40.00
290,34.02,35.00,0.98,39.06,40.00
291,33.97,35.00,1.03,41.25,40.00
292,33.99,35.00,1.01,40.31,40.00
293,33.98,35.00,1.02,40.62,40.00
294,33.98,35.00,1.02,40.62,40.00
295,33.90,35.00,1.10,44.06,40.00
296,33.92,35.00,1.08,43.12,40.00
297,33.89,35.00,1.11,44.38,40.00
298,33.90,35.00,1.10,44.06,40.00
299,33.84,35.00,1.16,46.25,40.00
300,33.92,35.00,1.08,43.12,40.00
301,33.95,35.00,1.05,42.19,40.00
302,33.88,35.00,1.12,45.00,40.00
303,33.90,35.00,1.10,44.06,40.00
304,33.91,35.00,1.09,43.75,40.00
305,33.91,35.00,1.09,43.44,40.00
306,33.88,35.00,1.12,44.69,40.00
307,33.82,35.00,1.18,47.19,40.00
308,33.82,35.00,1.18,47.19,40.00
309,33.82,35.00,1.18,47.19,40.00
310,33.84,35.00,1.16,46.25,40.00
311,33.88,35.00,1.12,45.00,40.00
312,33.91,35.00,1.09,43.75,40.00
313,33.93,35.00,1.07,42.81,40.00
314,33.94,35.00,1.06,42.50,40.00
315,33.93,35.00,1.07,42.81,40.00
316,33.91,35.00,1.09,43.75,40.00
317,33.93,35.00,1.07,42.81,40.00
318,33.93,35.00,1.07,42.81,40.00
319,33.92,35.00,1.08,43.12,40.00
320,33.90,35.00,1.10,44.06,40.00
321,33.89,35.00,1.11,44.38,40.00
322,33.91,35.00,1.09,43.75,40.00
323,33.91,35.00,1.09,43.44,40.00
324,33.92,35.00,1.08,43.12,40.00
325,33.92,35.00,1.08,43.12,40.00
326,33.89,35.00,1.11,44.38,40.00
327,33.87,35.00,1.13,45.31,40.00
328,33.89,35.00,1.11,44.38,40.00
329,33.91,35.00,1.09,43.75,40.00
330,33.92,35.00,1.08,43.12,40.00
331,33.92,35.00,1.08,43.12,40.00
332,33.85,35.00,1.15,45.94,40.00
333,33.89,35.00,1.11,44.38,40.00
334,33.89,35.00,1.11,44.38,40.00
335,33.91,35.00,1.09,43.75,40.00
336,33.91,35.00,1.09,43.44,40.00
337,33.85,35.00,1.15,45.94,40.00
338,33.85,35.00,1.15,45.94,40.00
339,33.88,35.00,1.12,44.69,40.00
340,33.90,35.00,1.10,44.06,40.00
341,33.86,35.00,1.14,45.62,40.00
342,33.82,35.00,1.18,47.19,40.00
343,33.83,35.00,1.17,46.88,40.00
344,33.85,35.00,1.15,45.94,40.00
345,33.87,35.00,1.13,45.31,40.00
346,33.91,35.00,1.09,43.75,40.00
347,33.90,35.00,1.10,44.06,40.00
348,33.88,35.00,1.12,45.00,40.00
349,33.89,35.00,1.11,44.38,40.00
350,33.90,35.00,1.10,44.06,40.00
351,33.91,35.00,1.09,43.75,40.00
352,33.87,35.00,1.13,45.31,40.00
353,33.85,35.00,1.15,45.94,40.00
354,33.88,35.00,1.12,44.69,40.00
355,33.88,35.00,1.12,44.69,40.00
356,33.90,35.00,1.10,44.06,40.00
357,33.88,35.00,1.12,44.69,40.00
358,33.84,35.00,1.16,46.56,40.00
359,33.86,35.00,1.14,45.62,40.00
360,33.85,35.00,1.15,45.94,40.00
361,33.87,35.00,1.13,45.31,40.00
362,33.84,35.00,1.16,46.56,40.00
363,33.86,35.00,1.14,45.62,40.00
364,33.84,35.00,1.16,46.56,40.00
365,33.80,35.00,1.20,48.12,40.00
366,33.80,35.00,1.20,47.81,40.00
367,33.70,35.00,1.30,51.88,40.00
368,33.75,35.00,1.25,50.00,40.00
369,33.75,35.00,1.25,50.00,40.00
370,33.80,35.00,1.20,47.81,40.00
371,33.80,35.00,1.20,48.12,40.00
372,33.80,35.00,1.20,48.12,40.00
373,33.76,35.00,1.24,49.69,40.00
374,33.76,35.00,1.24,49.69,40.00
375,33.72,35.00,1.28,51.25,40.00
376,33.77,35.00,1.23,49.06,40.00
377,33.80,35.00,1.20,48.12,40.00
378,33.79,35.00,1.21,48.44,40.00
